{
    "bedrooms": {
        "dtype": "int64",
        "min": 0.0,
        "max": 33.0,
        "mean": 3.376438390246937,
        "std": 0.9438646600708048
    },
    "bathrooms": {
        "dtype": "float64",
        "min": 0.0,
        "max": 8.0,
        "mean": 2.1194097157429868,
        "std": 0.772922521873801
    },
    "sqft_living": {
        "dtype": "int64",
        "min": 290.0,
        "max": 13540.0,
        "mean": 2083.8945076817813,
        "std": 917.6875598587986
    },
    "sqft_lot": {
        "dtype": "int64",
        "min": 572.0,
        "max": 1651359.0,
        "mean": 15202.68283883809,
        "std": 43010.44983474566
    },
    "floors": {
        "dtype": "float64",
        "min": 1.0,
        "max": 3.5,
        "mean": 1.4957703551657648,
        "std": 0.5417223222334723
    },
    "waterfront": {
        "dtype": "object",
        "unique_count": 2,
        "sample_values": [
            "0",
            "1"
        ]
    },
    "view": {
        "dtype": "object",
        "unique_count": 5,
        "sample_values": [
            "0",
            "3",
            "2",
            "1",
            "4"
        ]
    },
    "condition": {
        "dtype": "int64",
        "min": 1.0,
        "max": 5.0,
        "mean": 3.4057349007899482,
        "std": 0.6488640734787245
    },
    "grade": {
        "dtype": "int64",
        "min": 1.0,
        "max": 13.0,
        "mean": 7.657834173042234,
        "std": 1.1744656682894685
    },
    "sqft_above": {
        "dtype": "int64",
        "min": 290.0,
        "max": 9410.0,
        "mean": 1791.1247745226099,
        "std": 827.7429951487417
    },
    "sqft_basement": {
        "dtype": "int64",
        "min": 0.0,
        "max": 4820.0,
        "mean": 292.7697331591715,
        "std": 444.8288818298417
    },
    "zipcode": {
        "dtype": "object",
        "unique_count": 70,
        "sample_values": [
            "98038",
            "98001",
            "98106",
            "98074",
            "98034",
            "98023",
            "98092",
            "98144",
            "98105",
            "98052",
            "98029",
            "98133",
            "98155",
            "98028",
            "98199",
            "98125",
            "98004",
            "98118",
            "98042",
            "98045",
            "98002",
            "98103",
            "98027",
            "98055",
            "98006",
            "98059",
            "98146",
            "98077",
            "98115",
            "98117",
            "98168",
            "98065",
            "98039",
            "98058",
            "98056",
            "98122",
            "98053",
            "98072",
            "98136",
            "98005",
            "98166",
            "98007",
            "98040",
            "98178",
            "98112",
            "98188",
            "98008",
            "98011",
            "98075",
            "98033",
            "98031",
            "98116",
            "98109",
            "98003",
            "98107",
            "98022",
            "98032",
            "98177",
            "98030",
            "98108",
            "98010",
            "98126",
            "98198",
            "98102",
            "98019",
            "98119",
            "98014",
            "98148",
            "98024",
            "98070"
        ]
    },
    "lat": {
        "dtype": "float64",
        "min": 47.1559,
        "max": 47.7776,
        "mean": 47.55939606891833,
        "std": 0.13846579183432914
    },
    "long": {
        "dtype": "float64",
        "min": -122.515,
        "max": -121.315,
        "mean": -122.21353660508801,
        "std": 0.14144253963942655
    },
    "renovated": {
        "dtype": "int64",
        "min": 0.0,
        "max": 1.0,
        "mean": 0.04316725757293027,
        "std": 0.20323979613450066
    }
}